Gallery Name,City,Neighborhood,Address
303 Gallery,New York,Chelsea,555 W 21 st
Andrew kreps,New York,Chelsea,537 W 22nd St
Cheim & Read,New York,Chelsea,547 W 25th St
Gagosian,New York,Chelsea,522 W 21st St
Gagosian,New York,Chelsea,555 W 24th st
Jack Shainman,New York,Chelsea,524 W 24th St
Lehmann Maupin,New York,Chelsea,536 W 22nd St
Mathew Marks, New York,Chelsea,523 W 24th St
Mathew Marks,New York,Chelsea,522 W 22nd St
Pace Gallery,New York,Chelsea,510 W 25th St
Paul Kasmin ,New York,Chelsea,297 10th Ave
Paul Kasmin ,New York,Chelsea,293 10th Ave
P.P.O.W,New York,Chelsea,535 W 22nd St
205 Hudson Gallery,New York,Downtown,"205 Hudson St, Hunter College Art"
80WSE,New York,Downtown,80 Washington Square East
Abrons Arts Center,New York,Downtown,466 Grand St
Alexander and Bonin,New York,Downtown,47 Walker St
Allen & Eldridge,New York,Downtown,55 Delancy St
Arsenal Contemporary,New York,Downtown,214 Bowery
Bible,New York,Downtown,19 monroe St
Brennan & Griffin,New York,Downtown,122 Norfolk St
Carriage Trade,New York,Downtown,277 Grand St
Cuevas Tilleard,New York,Downtown,291 Grand St
David Lewis,New York,Downtown,88 Eldridge St
Denny Gallery,New York,Downtown,261 Broome St
Fridman Gallery,New York,Downtown,287 Spring St
Frosh & Portmann,New York,Downtown,53 Stanton St
The Hole,New York,Downtown,312 Bowery
Invisible-Exports,New York,Downtown,89 Eldridge St
Jack Hanley,New York,Downtown,327 Broome St
Jame Fuentes,New York,Downtown,55 Delancey St
Jeffrey Stark,New York,Downtown,88 E Broadway
Kerry Schuss,New York,Downtown,34 Orchard St
Larrie,New York,Downtown,27 Orchard St
Lehmann Maupin,New York,Downtown,201 Chrystie St
Lomex,New York,Downtown,134 Bowery
The National Exemplar,New York,Downtown,59 Franklin St
New Release,New York,Downtown,60 Mulberry St
Nicelle Beauchene,New York,Downtown,327 Broome St
Olsen Gruin,New York,Downtown,211 Elizabeth St
Olsen Gruin,New York,Downtown,30 Orchard St
Peter Freeman,New York,Downtown,140 Grand St
Sergent's Daughters,New York,Downtown,179 E Broadway
Shoot The Lobster,New York,Downtown,138 Eldridge St
Shrine,New York,Downtown,Henry St
Swiss In Situ,New York,Downtown,102 Franklin St
Thierry Goldberg,New York,Downtown,103 Norfolk St
Arts + Leisure,New York,Uptown,1571 Lexington Ave
Austrian Cultural Forum,New York,Uptown,11 E 52nd St
Gavin Brown's Enterprise,New York,Uptown,439 W 127th St
Buchholz,New York,Uptown,17 E 82nd St
Luebsdorf Gallery,New York,Uptown,132 E 68th St
Levy Gorvy,New York,Uptown,909 Madison Ave
Marian Goodman,New York,Uptown,24 W 57th St
Michael Werner,New York,Uptown,4 E 77th St
Mnuchin,New York,Uptown,45 E 78th St
Galeria Nara Roesler,New York,Uptown,22 E 69th St
Pace Gallery,New York,Uptown,32 E 57th St
Sky Art,New York,Uptown,555 11th Ave
Van Doren Waxter,New York,Uptown,23 E 73rd St
